CHROM	POS	ID	REF	ALT	QUAL	FILTER	INFO	FORMAT	GENE	GT	GQ
1	58814	GSA-rs114420996	G	A	.	PASS	.	GT:GQ	AAA	0/0	0.610956
1	565342	MAN_seq-M:4793	T	C	.	PASS	.	GT:GQ	AAA	0/0	0.400091
1	565351	MAN_seq-M:4802	T	C	.	PASS	.	GT:GQ	AAA	0/1	0.362247
1	566088	MAN_seq-M:5539	G	A	.	PASS	.	GT:GQ	AAA	0/0	0.319151
1	566117	MAN_seq-M:5568	T	C	.	PASS	.	GT:GQ	DDD	0/0	0.310014
1	566129	MAN_seq-M:5580	G	A	.	PASS	.	GT:GQ	BBB	0/0	0.205591
1	566132	MAN_seq-M:5583	A	G	.	PASS	.	GT:GQ	AAA	0/1	0.261547
1	566133	MAN_seq-M:5584	C	T	.	PASS	.	GT:GQ	DDD	./.	0.0626068
1	566134	MAN_seq-M:5585	A	G	.	PASS	.	GT:GQ	CCC	0/0	0.385795
1	566135	MAN_seq-M:5586	G	A	.	PASS	.	GT:GQ	CCC	0/0	0.368947
1	566136	MAN_seq-M:5587	C	T	.	PASS	.	GT:GQ	CCC	1/1	0.698297
1	566149	MAN_seq-M:5600	A	G	.	PASS	.	GT:GQ	CCC	0/0	0.297098
1	566150	MAN_seq-M:5601	A	G	.	PASS	.	GT:GQ	CCC	1/1	0.386025
1	566152	MAN_seq-M:5603	C	T	.	PASS	.	GT:GQ	DDD	0/0	0.390684
1	566167	MAN_seq-M:5618	C	T	.	PASS	.	GT:GQ	DDD	0/0	0.251962
1	569366	MAN_seq-M:8818	A	G	.	PASS	.	GT:GQ	DDD	0/0	0.348161
1	569377	MAN_seq-M:8829	A	G	.	PASS	.	GT:GQ	DDD	0/1	0.301017
